<?xml version="1.0" encoding="UTF-8"?>
<DbtGameUserDefault>
    <AppVersion>2.2</AppVersion>
    <HuazhuangPersonResDownLoad>43:20230626,33:20230315,</HuazhuangPersonResDownLoad>
    <GameStoryPlayType>43011;43011</GameStoryPlayType>
    <CurLevel>2</CurLevel>
    <LastChooseOrnaments>5</LastChooseOrnaments>
    <CurChooseOrnaments>1</CurChooseOrnaments>
    <bUserChooseOrnaments>0</bUserChooseOrnaments>
    <UserMoneyCount>1000002821</UserMoneyCount>
    <ProgressLevel>2</ProgressLevel>
    <CurLevelPerson>43</CurLevelPerson>
    <HuazhuangSubscribeTime_week>2099-12-12 18:34:57</HuazhuangSubscribeTime_week>
    <AlbumIndex>5</AlbumIndex>
    <levelIndex>5</levelIndex>
    <YZHZLastPushSubscribeTime>2024-08-14</YZHZLastPushSubscribeTime>
</DbtGameUserDefault>
