{"Nodes":{"Sessions":{"SessionsCount":2,"CurrentStageId":"Stage_1","LastBattleResult":2,"LastKillerType":1,"LastKillerId":"Skeleton_5","CompletedRoomsCountInLastSession":6,"CurrentSession":null,"ClearedRoomIds":["Intro Room 0","Intro Room 1","Intro Room 2","C1S1_Room00_Start","C1S1_Room01","C1S1_Room03","C1S1_Room02","C1S1_Room06","C1S1_Room05"],"BattlesCounter":{"WonCountByDifficultyId":{"Normal":7},"LostCountByDifficultyId":{"Normal":2}},"DeathsCountByDamagerType":{"MeleeWeapon":1},"BossBattlesByBossId":{"Victor":{"WonCountByDifficultyId":{},"LostCountByDifficultyId":{"Normal":1}}},"SessionResultsByStageId":{"Stage_0_Intro":{"WonCountByDifficultyId":{},"LostCountByDifficultyId":{"Normal":1}},"Stage_1":{"WonCountByDifficultyId":{},"LostCountByDifficultyId":{"Normal":1}}},"HasRewardsByStageId":{},"DeathsCountByKillerId":{"Skeleton_5":1},"KilledEnemiesCountTotalById":{"Skeleton_Tutorial":1,"Skeleton_Tutorial2":3,"Skeleton_Tutorial3":1,"Skeleton_3":8,"Skeleton_4":8,"Skeleton_1":13,"Skeleton_5":6,"Skeleton_2":8,"SkeletonArcher_1":28,"SkeletonGrenader":3},"KilledEnemiesCountInLastSessionById":{"Skeleton_3":6,"Skeleton_1":11,"Skeleton_2":8,"Skeleton_5":5,"SkeletonArcher_1":28,"Skeleton_4":6,"SkeletonGrenader":3},"MaxCompletedRoomsCountByStageIds":{"Stage_0_Intro":3,"Stage_1":6}},"PlayerTalents":{"TalentTables":{"HeroTalentsPage1":{"Id":"HeroTalentsPage1","EquippedTalents":[]},"HeroTalentsPage2":{"Id":"HeroTalentsPage2","EquippedTalents":[]}},"PlayerLevel":1,"CurrentTableId":"HeroTalentsPage1"},"Currencies":{"CurrenciesById":{"Gold":{"Amount":9999999,"TotalDelta":10,"DeltasById":{"Reward":10}},"Silver":{"Amount":0,"TotalDelta":0,"DeltasById":{"SessionReset":-405,"Reward":405}},"Ore":{"Amount":9999999,"TotalDelta":50,"DeltasById":{"Reward":60,"BuildingLevelUp":-10}},"SoulShards":{"Amount":9999999,"TotalDelta":75,"DeltasById":{"Reward":160,"PlayerLevelUp":-75,"TalentEquipment":-10}},"SoulEssence":{"Amount":9999999,"TotalDelta":0,"DeltasById":{}},"GoldenKey":{"Amount":9999999,"TotalDelta":0,"DeltasById":{}},"PlatinumKey":{"Amount":9999999,"TotalDelta":0,"DeltasById":{}},"ChestKey":{"Amount":9999999,"TotalDelta":1,"DeltasById":{"Reward":1}}}},"Items":{"IsAmuletEquipped":true,"LastItemSerialNumber":1,"InventoryItemsBySerialNumber":{"1":{"ItemId":"Weapon_FalconsClaw","QualityId":1,"IsNew":false,"Level":1}},"EquippedItemNumbersByEquipmentId":{"Weapon":1}},"Buildings":{"Buildings":{"Headman":{"Level":0},"Trainer":{"Level":0},"Blacksmith":{"Level":0},"KeyMaster":{"Level":1},"QuestsBoard":{"Level":0},"HubShop":{"Level":0},"Herbalist":{"Level":0}}},"Chests":{"CurrentChest":{"ChestBalanceId":"Chest_Small","Locked":false,"TimeLeft":0.0,"LastDateTime":"0001-01-01T00:00:00"}},"Speeches":{"NeverRepeatSpeechIds":["4TutorialKing","4TutorialAmulet","CutScene_intro1_OLD","CutScene_intro2","S1Room00_FirstTime","Player_LowHealthUniq","CutScene_1stDeath_OLD"],"LimitedSpeechIds":[]},"Cutscenes":{"CompletedCutsceneIds":["1TutorialMove","2TutorialSkeleton","2TutorialSkeletonCharge","3TutorialDash","4TutorialProjectile","Hub_Intro","Hub_IntroHeadman","Hub_TutorialMap","Hub_AfterDeathFirst"],"ActiveCutsceneIds":[],"IsDisabled":false},"InApps":{"CurrentPurchasingProductId":null,"PurchasedProductIds":[]},"Ad":{"TotalWatchedCount":0,"LastWatchDateTime":"0001-01-01T00:00:00","TotalWatchedByPlacementId":{},"TodayWatchedByPlacementId":{}},"Shop":{"GoldSection":{"ProductCooldownStartById":{},"HasChanges":false},"SoulShardsSection":{"ProductCooldownStartById":{},"HasChanges":false},"ChestsSection":{"ProductCooldownStartById":{},"HasChanges":false},"OneTimeOffersSection":{"PurchasedOffers":[],"ActivatedOffers":["OneTimeOffersSectionProductBalance 1","OneTimeOffersSectionProductBalance 2"],"OffersLastActivationTimeById":{"OneTimeOffersSectionProductBalance 1":"2024-08-28T11:07:00.235249Z","OneTimeOffersSectionProductBalance 2":"2024-08-28T11:21:06.87886Z"},"HasChanges":false},"HubDailyOffersSection":{"OfferEndTime":"2024-08-28T11:28:00.487735Z","SlotsBySlotId":{"HubDailyOfferSlotBalance 1":{"Id":"HubDailyOfferSlotBalance 1","ProductId":"HubSlot1ProductBalance 2","IsEmpty":false,"IsPurchased":false},"HubDailyOfferSlotBalance 2":{"Id":"HubDailyOfferSlotBalance 2","ProductId":"HubSlot2ProductBalance 5","IsEmpty":false,"IsPurchased":false},"HubDailyOfferSlotBalance 3":{"Id":"HubDailyOfferSlotBalance 3","ProductId":"HubSlot3ProductBalance 1","IsEmpty":false,"IsPurchased":false},"HubDailyOfferSlotBalance 4":{"Id":"HubDailyOfferSlotBalance 4","ProductId":"HubSlot4ProductBalance 1","IsEmpty":false,"IsPurchased":false}},"HasChanges":false},"MiniShopSection":{"ProductRewards":[{"RewardId":1,"CurrencyId":5,"Amount":1},{"RewardId":2,"ItemId":"Gloves_RangersGloves","QualityId":3,"Level":5},{"RewardId":2,"ItemId":"Weapon_FalconsClaw","QualityId":4,"Level":10}],"NextUpdateDateTime":"2024-08-28T13:07:00.237502Z","HasChanges":true}},"Quests":{"Story":{"CompletedQuestIds":["1GoToPortal"],"ActiveQuestIds":["6ReachStage2","2TalkToKlement"],"GameTimeByActivatedQuestId":{"2TalkToKlement":587.6264,"6ReachStage2":587.6264},"ActiveTaskCountsByQuestId":{}},"Daily":{"NextUpdateDateTime":"0001-01-01T00:00:00","CompletedQuestsForReward":0,"CompletedQuestIds":[],"ActiveQuestIds":[],"GameTimeByActivatedQuestId":{},"ActiveTaskCountsByQuestId":{}},"Boss":{"CompletedQuestIds":[],"ActiveQuestIds":["QuestButcher"],"GameTimeByActivatedQuestId":{"QuestButcher":587.6264},"ActiveTaskCountsByQuestId":{}}},"ContentLocks":{"UnlockedContentIds":["PauseMenu_ContentLock","ProjectileAttack_ContentLock","Movement_ContentLock","MeleeAttack_ContentLock","AreaAttack_ContentLock","Dash_ContentLock","Shop_ContentLock","Surrender_ContentLock","StoryQuests_ContentLock","CurrencyCounters_ContentLock","KeyMasterBuilding_ContentLock"]},"Potions":{"EquippedPotionId":null,"PotionsById":{"Potion_Heal":{"PotionId":"Potion_Heal","Level":0,"ChargesLeft":0,"RoomsToRefill":0,"PotionItemSerialNumber":0},"Potion_Rage":{"PotionId":"Potion_Rage","Level":0,"ChargesLeft":0,"RoomsToRefill":0,"PotionItemSerialNumber":0},"Potion_Explosion":{"PotionId":"Potion_Explosion","Level":0,"ChargesLeft":0,"RoomsToRefill":0,"PotionItemSerialNumber":0},"Potion_Invulnerability":{"PotionId":"Potion_Invulnerability","Level":0,"ChargesLeft":0,"RoomsToRefill":0,"PotionItemSerialNumber":0}}},"Challenges":{"NextUpdateDateTime":"2024-08-28T12:07:00.239Z","ActiveChallengeIds":["Test_SurvivalChallenge","Test_TimePressureChallenge","Test_BossRageChallenge","Test_RushChallenge"],"CompletedChallengeIds":[],"GameTimeByStartedChallengeId":{}}},"UserId":null,"ApplicationVersion":"1.4.10","SessionNumber":2,"SaveNumber":49,"SaveDateTime":"08/28/2024 11:21:37","GameTime":617.9094}